1111,2222,333,dcdcc,,,,,,,,,,,,,,,
,,,,,,,,,,,,,,,,,,
,,,,,,,,,,,,,,,,,,
,,,,,,,,,,,,,,,,,,
,,,,,,,,,,,,,,,,,,
,, 关闭g,,,,dwlkjlkjl,,,,,,,,,,,,
,,,,,,,,,,,,,,,,,,
,,,,,,,,,,,,,,,,,,
,,hjnh,,,tb,,,,,,,,,,,,,
,,,,,,,,,,,,,,,,,,
,,,b,,,t,,,,,,,,,,,,
bdbbtd,,,,,,b,,,,,,,,,,,,
,,,,,,,,,,,,,,,,,,
,,,,,,,,,,,,,,,,,,
,,brbt,,db,bt,,,,,,,,,,,,,
,,,,,,,,,,,,,,,,,,
,,,,,,,,,,,,,,,,,,
,bdbd,,,,,,,xwxdc,,,,,,,,,,
,,,,,,,tb,,,,,,,,,,,
,,,,,,,,,,,,,,,,,,
,,,,brb,,,,,,,,,恐怕看【,,,,,
,,,,,,,,,,,,,,,,,,
,,,,,,zsxs,,,,,,,,,,,,
,,,,,,,,,,,,,,,,,,
,,,,,,,,,,,,,,f,,,,
,,,,,,,,,,,,,,,,,,
内部风险治理测试,,,,,,,,,,,,,,,,,,
,,,,,,,,,,,,,,,,,,
,,,,,,,,,,,,,,,,,,
,,,,,,,,,,,,,,,, ,,
,,,,,,,,,,,,,,,,,,
,,,,,,,,,,,,,,,,,,
,,,,,,,,,,, 放到,,,,,,,
,,,,,,,,,,,,,,,,,,
,,,,,,,,,,,,,,,,,,多份
,,,,,,,,,,,,,,,d,,,
,,,,,,,,,,,,,,,,,,
,,,,,,,,,,,,,,,,,,
,,,,,,,,,,,,,,,,,,
,,,呃3d,,,,,,,,,,,,,,,
,,,,,,,,,,,,,,,,,,
,,,,,,,,,,,,,,,,,,
,,,,c,,,,,,,,,,,,,,
,,,,,,,,,,,,,,,,,,
,,,,,,,,,,,,,,,,,,
,,,,,,,,,,,,,,,,,,
,,,,,,,,,,,,,,,,,,
,,,,,,,,,,,,,,,,,,
,c,,,,,,,c,,,,,,,,,,
